TT2ID,C27id
e59e8399-6923-4fbe-9956-a0c200abcb96,50000
5925f704-ee8f-4663-a4d2-a0c30149e795,50001
d233a8bd-ac06-4d93-a7e9-a141014a3a54,50002
efd2c16b-d575-4706-8291-a178009db8a7,50003
e47c63dc-fcf1-43be-9949-a1cd001af16d,50004
aa4f69ce-64cf-4dc6-a4fe-a1e800015929,50005
2b680fe4-4058-4d76-ac9a-a219016f1cb8,50006
31626a8b-0953-4143-b29e-a24200f7dd2f,50007
735b4c39-c893-4787-9000-a0c9010f09b5,50008
fcf00210-c3c2-451e-ae36-a0c9017b1c6d,50009
78a981d2-1bdf-4307-9764-a0d6018220fe,50010
926e76bc-3baf-40f5-91ca-a0de00dc566b,50011
2bfa8e4c-c8db-48a8-b596-a14001749176,50012
301e8420-153e-41af-91c9-a15000ea09f7,50013
267f67be-8bcd-4e48-98e8-a16a00f1378c,50014
40bbd4f1-6b0f-4a4a-b7ea-a16c015ae301,50015
2ae8b7fa-be15-4e3f-b213-a172010ce29d,50016
c7b15ca6-7a1f-43cc-a842-a0c200a2d318,50017
22c3d8cb-2bf7-4454-94a9-a0e800b051de,50018
81cc1d47-ba4d-43c9-973e-a10400d04c5e,50019
d1053994-6d98-4a4a-82b4-a16400d96293,50020
c8b7df3a-d3fa-41c5-8be3-a166000da26e,50021
028181d2-e283-4973-b707-a23b00f7edf3,50022
01cca478-f0bd-4255-a651-a27700f1aeaa,50023
a285a2fe-0b29-4670-bd6f-a277010481ac,50024
fbf88333-6f24-4727-a36b-a0c8009e4c43,50025
17b661d5-33d7-4a7a-b1f6-a0da010f9219,50026
ebcaec6c-d1d0-42a1-8c7a-a0e200ced981,50027
a6bbcb66-a440-4684-8c6b-a13d00c4192b,50028
88d45167-601c-4631-a4a9-a14f00852bff,50029
99ffd03d-310f-45c8-b948-a17000be2d5d,50030
edfe6889-f8b4-4b75-963e-a1c6010b622e,50031
4e5cf205-ad0b-4749-82b1-a1e6017435e3,50032
ecf58ee0-d5c3-4298-b1b8-a1fe00c04da8,50033
bb56c83b-a5c6-4882-96b0-a0d000024ed9,50034
94dc821c-3b55-481d-b331-a0e9015b5a9f,50035
67352945-1514-47fd-a7ca-a0f0015f858a,50036
cf770c96-2a5b-401d-88a8-a15a011296cd,50037
0e980d9a-7fbc-465b-aa73-a16301437428,50038
a8b2200f-0963-406b-8d52-a23500bc8dd9,50039
eaf1acfa-5e66-4854-b2bd-a2430100713b,50040
36472b3b-a743-4c8c-8454-a26b014d987c,50041
4ad3bd13-c46c-4d83-b238-a11900ddc895,50042
2172224e-2638-4ba2-a6f5-a12c00a2ccad,50043
0242ea7e-6cfa-4b83-8db3-a1940121c4ac,50044
68b1612b-42da-4ba6-9dd4-a242015927a4,50045
885cdeea-ecfc-4cf7-a4cb-a28b01119b06,50046
8b4a011c-a1c7-4a7f-9220-a2b6015e6e08,50047
305e332c-644f-41dc-bc9a-a341011ff9e2,50048
2bd1ab66-3f58-42aa-8482-a3650152b4b4,50049
c1345e56-94a8-4680-883a-a38b01253b11,50050
c1517e89-2460-41e5-bde9-a1ab00df7f8d,50051
b001b37a-da8d-4935-bc29-a1d900d3b3a5,50052
a06102b5-eb62-4df3-af47-a21701060307,50053
304d13d1-e205-4033-8b33-a241012d1463,50054
60198d44-ec7d-4763-acff-a24c0174d348,50055
0ea519ac-2df9-4bdc-862b-a25101694456,50056
95b839ef-845d-4685-938a-a291008b96fc,50057
6b6ce376-c6fd-4c4e-b042-a2f200a48d50,50058
7e3d7600-53a3-4b72-b805-a35c0117fa35,50059
0ba57222-1e79-42d5-a281-a10e00d8fe91,50060
3cc91cf7-5718-4a24-ad71-a12800b2a7f0,50061
cf2191ca-0177-4d1a-bf00-a1af00e13b45,50062
3c20a28b-2847-49e4-83eb-a23b00d95a98,50063
d29e0673-0b7f-49f3-ba3a-a24000bc16a0,50064
f728edaf-e70d-49f0-a0df-a28d00f419cf,50065
3028db47-940a-4bd4-b05f-a2bf016b21a6,50066
def49bfb-0ba8-406c-96a1-a35200c214e8,50067
64b163c5-4b2e-4ff3-bb94-a36400b754d6,50068
0b496142-ee0b-4b76-b3cd-a22e00a70be3,50069
58d111cd-c3cf-460b-8735-a23900fb7f0c,50070
90b95ec2-bb87-40db-886b-a24600eda1ad,50071
b0614b5c-38ae-4501-9127-a26d0121b42a,50072
e203b099-fffa-467c-9db3-a2730152b630,50073
1b64c018-7404-408a-99e7-a2b100ed96fb,50074
debd2c0c-e251-4588-a6dc-a2b5014abbb0,50075
02623849-122f-40c5-a8be-a2ce009be844,50076
b568b7e1-7058-4e06-adc4-a24b0105eeca,50077
d418fe3b-9023-4a38-888c-a2780140ff3f,50078
cab5c32d-175c-49e8-bf7e-a279014ce737,50079
caa577a4-365a-40c1-8cfa-a2a80132d9e2,50080
345a6222-58ad-4012-977b-a2bd00e2f75c,50081
b6b3a4a0-5771-4bb2-b4bd-a2c100f58859,50082
5cc297e5-bd53-45cb-a516-a2c300b12601,50083
5a034348-e7fc-4242-a5bd-a2d0008b1415,50084
34ff18ce-8af6-4dfe-a002-a2e400a80a4d,50085
4c42f1f0-d28f-49ae-aa71-a29501477432,50086
2784109f-af27-4de9-a704-a30400f709bf,50087
0efc2ad7-51a5-41a7-8dd8-a3410115f7f6,50088
8f4a06ed-5b57-45b0-8592-a347017fa47e,50089
ac8c5a7c-c85c-42dd-bd81-a35c00fe1870,50090
4e0faf38-fa25-45bb-975b-a3700037ff1f,50091
7fad666f-ec40-4fcb-bc61-a3c000eda91b,50092
3eaadfc5-dc9b-40d6-8007-a3d000bafd16,50093
535898e7-8d18-401a-bd0d-a398010520e1,50094
db768a07-e2b0-4908-aa08-a3ae00aaba79,50095
3f539fc2-bbec-427d-9565-a3c1007b34b9,50096
dc96470a-7570-4ede-8913-a3c6011cfbb8,50097
b6b77fd8-ce17-42f4-a97f-a3d1012cefe4,50098
87b6f001-b32a-4b2b-bc6e-a3d200f89135,50099
30daa78f-f227-4b00-bf87-a3da00e83166,50100
93ee9685-b804-452c-8f95-a3e60121df5a,50101
d681a47a-828a-4cf4-9c35-a18b014d8fe4,50102
f94e2863-f78c-44a7-a690-a252009943d2,50103
dd265ad2-9272-4f73-a663-a26500f5ca05,50104
19fcf85d-9208-4951-aa4d-a2750101e59f,50105
bcbad6ca-1887-4e95-b796-a28b012151d4,50106
35b90330-15b0-46e8-8383-a2bf014475ae,50107
357bdc16-9986-45c9-b1c9-a2e2017232b0,50108
9958e72f-3f28-4566-9f59-a37f014b1155,50109
82e98705-6b91-47f1-8b5c-a27a008c061f,50110
d4c1dafb-564c-4590-9b8b-a29001209e92,50111
5938539d-3c05-4e7b-ab1c-a2d900e2e79c,50112
92a79031-cbb2-46c4-b88a-a36600b12357,50113
f00dec86-81f4-4051-a814-a3b6011fb8e5,50114
75901112-b11b-4069-b490-a3cd0140ef9c,50115
314bd891-9d65-46fc-8141-a3d30144fc10,50116
778812a7-b96a-4113-823c-a39b010bfdbd,50117
008e6aa9-0150-4a02-b302-a3b1011c9209,50118
7a58a7cc-1332-470e-8579-a3df00d58cae,50119
724ff1e7-423b-4688-bcb3-a3f401583465,50120
a8f84c32-932d-4510-b450-a3ff0097ce18,50121
6bfa945b-0fc2-4759-a60d-a40400b2f01f,50122
cbb845c9-4cfa-4ff5-923f-a40f018223a4,50123
39542084-fdd4-40b6-a92b-a41201434f1b,50124
9e180811-40a7-47ac-a29f-a417010e6c07,50125
c8eab2c1-1c86-46a4-a18d-a39c00edd6fc,50126
48a511a5-2162-44c8-9041-a3da0106c2b3,50127
544b8482-6541-4f10-8a6f-a3de0104cac8,50128
e2078b79-c3a6-483b-a3f5-a3e0016fe624,50129
4e4d7971-0b58-41c3-a490-a3e80143d964,50130
fc542fdd-95e2-45d5-8371-a3f100c10dc0,50131
c8afca75-9d83-4fac-8f3a-a3f100d15002,50132
38bb73ed-65f5-49b9-8763-a3fe0165a3ef,50133
13d283ce-a85f-4d5b-a640-a37f01680218,50134
58e627d8-522a-4665-8f0f-a380016bce3b,50135
a9df6b4c-2714-4e84-912e-a38c0138e7cc,50136
6ce9f8e3-d3b9-42d2-93a1-a3b100662e26,50137
0e3ed408-3f9a-4f3f-8086-a3bc00acbbf7,50138
d0735513-dcea-49e9-915c-a2d30164ddcf,50139
49ee7986-73a6-46db-a497-a2fa00bee51e,50140
393ab3f7-b7d4-4b82-ac7f-a3160186df4f,50141
f4b5c010-6e14-43c9-bd59-a37c012fa624,50142
65e146d1-c518-4f59-804b-a38d017970a7,50143
56163267-b1ad-46b6-b96b-a39200f40d8c,50144
edde4896-7003-4461-8b7d-a3bd00f693f6,50145
2f021679-938d-4faa-b411-a3be003566cc,50146
8120a30f-57cf-42c5-aad3-a41800caccf3,50147
2acced1d-b360-4664-954b-a41800e8a533,50148
e75e29db-2d65-478b-b770-a41801156db8,50149
850bbc70-09bb-4691-8c3f-a41f005cbd41,50150
3f9fa9ff-da4d-414f-86e3-a435013957bc,50151
14a86566-7033-471f-9b93-a43501737151,50152
73cc9f97-bd4f-4a01-8187-a448015333da,50153
b3beb14a-e0e2-4cfc-a9c0-a2ec009bed81,50154
9e44e3d9-51f8-46e2-a2e2-a2ed0134b62d,50155
61538e51-68ba-4e95-82ad-a30b010e8499,50156
57653036-86cc-4491-8f24-a31e00c8d9f6,50157
7de0b20d-3272-40f5-bed7-a33800d92bd3,50158
6e897067-8c91-4e4b-a460-a34200baff7d,50159
95e852ea-26f2-4185-b9a8-a34c00b07997,50160
b8efa9b5-49ea-4034-8d43-a362011ebc13,50161
c6feb973-1724-4816-90db-a37100e5377e,50162
b4927ca7-7c09-4b5d-ba92-a3f400b85f85,50163
8d16ec52-e897-4574-9f95-a3fe0117a15f,50164
9eccf21b-7873-4463-b9ad-a3fe015091b1,50165
7655ba25-11cd-46d9-978c-a40f01557a8c,50166
53c75c46-f8f2-4456-94a0-a42e00ceccb7,50167
c0e5e323-39dd-4c7f-87a2-a42e00e481b6,50168
c4d6ef2d-7466-4b8f-916b-a442013dcee9,50169
5fd06e00-c2cf-48a3-8a0e-a44401688085,50170
e85c6c15-cd4f-4bec-87e7-a44800c3e62b,50171
c2b5ffa0-38dd-447e-9e2e-a3e601692d0b,50172
5d58f9bb-270d-47d5-9870-a3f300bbed4b,50173
4fac9e02-ff65-4937-ba9f-a417009a341a,50174
07b82a4a-48b0-410a-a72d-a41901391be3,50175
2c181e99-75d7-4e6c-af35-a41b00e1176a,50176
fe1d70fd-56e4-412e-b0ab-a41f0156cee6,50177
c3544200-8176-45ab-b4a2-a421001880f4,50178
5935bfe8-5a60-48c2-977b-a421012a25bc,50179
322924f6-ae8d-4825-9649-a3e8014fc641,50180
c7f5b638-84cb-43a9-8fd0-a3e9015efac4,50181
c49613cf-65f6-4053-8d16-a3fc009b3ce8,50182
ce1cbc6c-1ca2-4377-bf58-a3fc00da9595,50183
43956f4c-5067-43c3-aad5-a3fc018b55a1,50184
b7d652b7-d533-4cdd-9da5-a405006100d5,50185
623f98e7-3e70-4b94-bdf6-a41a0164f5c7,50186
d4327307-0dc7-4c28-b1b7-a42001312e81,50187
5cde4c04-13d3-4074-95a6-a43b00bdc315,50188
3fde50ef-6c4b-480e-9d18-a3dc00b2e554,50189
15c717cb-fab6-4c70-a9b7-a3e100a7070f,50190
fb539f28-f2da-4b9f-8075-a3e701047a4c,50191
05e6d0c7-6dd9-43cc-ae31-a3fb00e2b5ca,50192
31883d26-e4c1-46af-9442-a411016cba39,50193
eeb81965-f17f-45f3-a385-a3bf00c35776,50194
d59a3010-a258-4b71-8343-a3cb00cef0d3,50195
a8ec8a3e-abb4-4a8c-994e-a3df005bce5c,50196
11db3ae7-0ccc-4667-aac7-a3e000242b78,50197
f3b2dc3c-edd9-4fce-a4e3-a3fb00b6490f,50198
e0538c15-1bca-48c1-b605-a3fb00e92876,50199
829512b6-4cf8-4f6c-91e2-a417013907e9,50200
6c862cc9-1096-495a-a03c-a41b00d1dee6,50201
f82608b7-2c9c-44df-a2db-a40901720b9e,50202
15c69011-8041-40dc-a8f1-a40e00cb5a44,50203
843fc32e-43a5-4678-8c62-a41500cd8847,50204
a9ce7f17-1d66-4c56-af2b-a415010a499f,50205
8b698283-dead-4691-92ea-a41a014dd2f5,50206
f06a19ef-93c7-45a4-93fa-a41d0179d0c0,50207
41998ba4-7d1e-437e-8282-a42001267c7c,50208
3320dccc-2f41-4736-b86a-a4210093e40c,50209
93a3ffa8-ec5d-4141-8ec8-a44100a5559a,50210
737de9bb-9872-4240-adcb-a444011d6249,50211
c6d297a6-f30c-4e2b-aef7-a44a00db2c4e,50212
436535e0-19fa-48f5-84ad-a44b0163ab13,50213
f354e6db-fa83-4225-ac3f-a45000b9810e,50214
c240c904-3d42-46df-beb6-a46d0092eb3c,50215
e7d80a6c-2a20-49da-ad22-a44e0158334d,50216
a8471ca0-2181-4322-8aa9-a46b00a359f0,50217
2c3915f0-b60d-495b-8bb3-a475010ffb1c,50218
7ba2263c-de7a-4c85-bd94-a4870163e7cf,50219
0fb88564-2570-4394-8058-a48e00ba88d5,50220
7184b80c-0da0-498c-b2f8-a4910052de14,50221
932ddb0d-1b9d-43b6-8bd8-a49d015c14eb,50222
68c822c5-eba2-4f0f-94ee-a49e012f6e1d,50223
36553a90-d3a5-4a0e-8371-a3950142434b,50224
e8e63a13-f1c6-4901-82a3-a3b8012cdfa8,50225
31895544-bb7f-4587-947b-a3cc00da92bb,50226
646179bf-50c0-4372-90cf-a3e600a1e87a,50227
69b276a2-b98e-45e9-8380-a3ee01287f86,50228
3e78ef3d-2bbf-485c-bd37-a4040004490f,50229
3e02a925-7ae5-46fd-92f2-a4170134100a,50230
27254c1a-2386-4de0-bb50-a41e0116314e,50231
7acea810-2566-4fb3-80d8-a448016cb4b9,50232
5479cd64-8207-4573-bb0d-a4520167fbc1,50233
232ab4d0-d836-45c4-bd88-a4570140b4ab,50234
d6c19ac0-598f-4d05-aa20-a48200d36d1a,50235
5f14c701-69bb-4adf-b573-a48e00aeebfd,50236
9534d261-b6f4-4dd6-84e7-a49500d7e926,50237
8b49e394-c6ce-49c4-b376-a4980158a236,50238
7c57d2ec-c10e-48c0-adbb-a49c014206d4,50239
878850fd-db2e-4009-a3ac-a4ad00d3ee63,50240
5b0779fd-e279-478d-971b-a41a01659df3,50241
39118769-20e7-4f3b-9806-a41c00fd96aa,50242
c5c37a93-4d18-46fd-8433-a420000026f1,50243
45e9ee0d-2911-4b0b-9a50-a420014dc394,50244
075e2fea-904e-46a1-be0c-a42200a7af04,50245
acd723d2-f694-477d-b8db-a425018033a7,50246
df277340-049c-4e57-9726-a42900255d37,50247
a1524fc8-3bc8-422a-9e41-a43b018a852f,50248
68da7e7a-4434-4bc6-8e45-a42400b74570,50249
0109b3fc-d62a-42d0-a9f9-a425011b7c78,50250
28756218-537b-48c4-9e4d-a4380147c4d3,50251
83824408-dc61-43fe-b290-a43c0139055c,50252
4939b2c2-1ec8-4afc-8349-a4420105a62b,50253
1407ab8f-e2ae-488a-ac50-a4450135d0ea,50254
4e254fc8-c1d1-4ffc-8906-a446009df3b3,50255
bc195a06-cbfc-4827-babb-a45601663bed,50256
85bc2cd6-b2b6-4de1-b313-a4250186b665,50257
f165dfff-877d-43e5-b1d4-a43201317bb0,50258
10755dbf-1031-4b3c-8f29-a433013ed5aa,50259
99c36406-74bd-485a-8e30-a43e0148dcac,50260
14572c58-f543-4c82-afb9-a44000cf4853,50261
4ee22078-07c7-4567-bb43-a44300e984d8,50262
f86a5a5b-6a47-4212-a10b-a45700aabf3c,50263
7cdc42af-ebbf-494b-92f8-a46b00aeaaf9,50264
ff6e3953-a0e7-46b3-8a14-a478008ab5c0,50265
c8611e9e-809a-4c5a-816e-a47a00086c8e,50266
4830fe53-83b1-410a-b87c-a48f00d73bfd,50267
a4896b9d-4d18-49c3-a993-a49600dba61c,50268
a74286d3-105a-4e2c-8129-a4a00133f217,50269
6d94805d-96d2-406f-a065-a4ab0162f72e,50270
52845178-d624-4978-ad00-a4ac00437125,50271
c0536c93-68c1-41af-9e6a-a4ad00034101,50272
ba23d1c4-5caf-4e64-a8f0-a4bc00aff538,50273
3daef245-0213-44c6-8b48-a4a7009d42ac,50274
75db6dd4-2abb-4627-990c-a4c000f1257e,50275
9f1cdbf2-fdc0-4e36-8fc7-a4c001421435,50276
fd110594-2b4d-4b83-8465-a4c400a1c360,50277
4ccd35bc-148e-4f55-bc57-a4c500047d07,50278
f3c671b2-f3a1-4649-a628-a4c501794b46,50279
d583b2ca-209c-40df-9f52-a4c800c78d20,50280
42110140-86c9-46dd-b572-a4d0008a22a8,50281
562a7883-5a9b-4156-b529-a4d601650514,50282
cca8d6fb-3b33-4dbf-8e42-a4b1016b0bd4,50283
49465c52-d7d5-4c91-88b6-a4d400ca8f46,50284
dddbcc0b-30ff-4c78-92fd-a4d500ab215b,50285
b811ff85-0ee4-495a-9a47-a4e101544446,50286
4ca59e0d-cf0a-4a11-bbd4-a4f400892d9b,50287
2cf092ca-5bf1-4757-919e-a4ff009a1264,50288
eaa25681-a951-4b70-90fa-a50e00fc7eb7,50289
a20b2215-2eb6-4853-abcd-a50f00c0b9b9,50290
456099a2-1a0a-45bc-aca1-a51500a6d119,50291
ca153e2d-e064-437b-93fe-a43c008c92e2,50292
177e5790-e2ad-49f4-aeb2-a43d016b1c60,50293
46a6cac3-6231-449d-b3c3-a446008c5078,50294
4509d2ac-bde6-49fc-918c-a45200a12eb8,50295
d16d5b88-bf0d-42a8-b7d2-a459014f4b54,50296
00bf00ef-7045-4f2a-8d7c-a45e00b72076,50297
b6c493f6-b49f-453a-a4c6-a4720165d899,50298
b6696829-251e-4dfa-ae6b-a47b0136452a,50299
50a569d5-8064-46f6-8ace-a48700b5279b,50300
d6167477-62ba-4f3b-bdc1-a459011cfee3,50301
d6979e3e-99d2-46b1-83ea-a45f014c8677,50302
4703eaed-c14f-4715-93b1-a460018ac62d,50303
e3143c5e-771a-423b-adf4-a46101305fa2,50304
1eb263fa-a03a-4e7b-ae06-a468010ab208,50305
33325ed8-a798-40ea-b4ff-a46901413003,50306
5212e3c8-49ff-48fb-9c2d-a47a00cceb95,50307
6a8b7b2b-3d31-45f4-af6e-a4810043f1fb,50308
01854f60-38e1-48a0-bc20-a48900c83407,50309
c59eeb1f-2b19-47e1-a9c5-a42700b50306,50310
18d6c3a3-cb14-4381-af8d-a42f00e86b2a,50311
25c3861b-8e80-4fe0-a16c-a43701753817,50312
52936c71-e7ba-4318-8c05-a4380172b6b2,50313
de03dc76-45af-4fab-99b6-a44500c26976,50314
2ea2c6d9-777a-4f9c-b543-a46500df43df,50315
369de5a1-efba-43d8-bead-a46c001912d6,50316
9c5b4486-b3b5-4f64-b36c-a46d00bd3363,50317
f94c02a6-01f2-4520-ba11-a46d00f8c3bc,50318
482f1550-1547-4323-9a1a-a436014a2eb4,50319
bb2788c2-dd99-4f8b-820e-a464013c51e3,50320
ca90be4d-1f4b-41e6-80e6-a46700e941f4,50321
3b203e1c-8209-402d-b52e-a46a01555772,50322
72486e21-8b96-41ef-bde9-a46d01269241,50323
31c28d71-83cd-440b-8492-a47400abb768,50324
af38f5e6-b153-4634-a0ea-a48700be3c88,50325
37c65367-b2ff-4270-98b9-a48701829b7b,50326
390516a9-a2fe-45ee-b6cb-a48a00ddb601,50327
9f8b9ee5-8893-447c-a931-a48700cd9389,50328
443a8501-7222-420b-806a-a4870141ec58,50329
8a3d6704-a055-44e2-8bce-a48a00e9dfdb,50330
f24986c3-cee4-4def-aca7-a48f01077d85,50331
cda4449f-6960-47bb-8d4e-a491010e95ec,50332
199346d3-fabe-43f0-a708-a49c0107fff7,50333
973c58c6-0b72-4bd8-89b3-a49d00f01f9d,50334
9bf88a5b-41c4-4a74-bdb7-a4a5003c2d17,50335
9d0d2d65-0fac-475f-983a-a4c200ac43e0,50336
0579be9b-7732-4b0a-9bac-a4ca0117368f,50337
64cdb212-cbd0-433f-b4bb-a4ce012afeed,50338
b48e88b0-b486-4cad-8025-a4ed00a00a26,50339
13eeb8d5-0d68-4459-8304-a4ef00f18af9,50340
321e385d-8f56-43c6-a51e-a4ef011f1bf4,50341
120e9ccc-ead7-4bde-8d85-a4ef016460ba,50342
c47c18b4-f32a-44da-aeb9-a50500b14bd8,50343
5752b028-2521-4426-8c9d-a50501561605,50344
c7bfa996-14b2-4709-a66b-a50600cbf30d,50345
b0106a30-6f36-4f99-ab3b-a50d011ba526,50346
a683abdb-ad71-407e-ba00-a4e200e69048,50347
04f1d315-4cd9-4115-8893-a4ea00a5092a,50348
b41ec92f-b3ac-43a0-8df9-a4eb00b9ffe3,50349
b52e4970-8ee7-44d6-94ba-a4ec0002f8cf,50350
2aa8e52c-8ffb-4a55-936c-a4f200973cf3,50351
59a041ef-340e-482a-838d-a4f40069a622,50352
0c1a2908-a803-4adf-b7fb-a4f7000beead,50353
44171990-76c4-469a-915d-a4f9001bc381,50354
c322b74f-526b-4483-92ad-a50000dc0bef,50355
8bc3656b-78fb-40da-8f8f-a51600979d95,50356
6110c144-53b3-43a8-9f64-a51801609384,50357
2831b5a5-9a80-40dd-af6e-a51900f9318b,50358
58320475-ac65-4544-b532-a51b009a4ebe,50359
e50b1b3d-51d8-42cc-9ce2-a51b00bcaf74,50360
3534571e-5908-420b-9959-a51c00b122c1,50361
9e79dcb8-5fd1-4f08-9399-a51d00b22efb,50362
c4ded267-c96b-45ff-8c13-a523014955c7,50363
1951659b-6868-4833-b176-a5240100d92a,50364
797beca7-47cd-403e-8940-a48b00a1774d,50365
7524adee-3beb-47c6-a16f-a4900069b1f0,50366
989997e5-cd2f-4974-95d2-a4900125fb7f,50367
3a51c663-272c-4908-9139-a49d00b14b1c,50368
aa7ee291-7231-4b01-bf7a-a49f008c047a,50369
49c9f613-96d5-4d07-bec2-a4ae012f020b,50370
f3547a91-c123-440b-818d-a4b40095ebe9,50371
a92ed0ea-324a-4514-9dcf-a4b7008d4a03,50372
c4f74b1e-87ec-417d-8416-a4b800dba9d2,50373
9aed53c6-346d-446c-a0da-a489015bf1e0,50374
c4dd3529-831b-4014-8599-a48f00f4d99b,50375
fdc26bb6-00ab-4600-9500-a49a011c4743,50376
2a46b47c-3f8c-4f0b-8005-a49f00a7aa13,50377
5e992cbb-0a8d-43e4-9a71-a4ac00e2a412,50378
a24e5172-8265-4df8-b088-a4bf00ffd05e,50379
f9ffecb8-e978-437d-bf41-a4c00110a783,50380
1a16c3c0-77e9-43a5-ad3a-a4cc01249b75,50381
092ad3b3-e843-4282-b598-a4d600b19315,50382
12b1c457-6346-417e-ba3e-a4d800f7e862,50383
c8fc082f-19e0-4be6-bd10-a4d900c53db0,50384
e2331e86-fbfb-4674-a765-a4de0115c4c4,50385
0590b889-4ec8-476d-9ae2-a4e301799c39,50386
36a9bb89-25ee-4979-b943-a4e900932930,50387
96c8d5a8-a3e0-4eb4-a13b-a4f2016c8647,50388
0ea47dd1-85e5-4bd5-89ad-a4f700c67450,50389
f3c268be-562f-4ab8-bb6e-a4fa00f559a0,50390
255215ec-a682-4eb0-bc79-a4fb00d612ca,50391
5c00ff7c-98da-4173-988f-a50e0157e955,50392
2f13ecdb-0c6c-4121-936c-a50f0136284d,50393
da99826e-0f70-4f6a-b6a7-a50f013b2fd2,50394
e1a372b7-830e-433b-b064-a5100170062d,50395
1c33d9e3-b69c-45b5-a3d7-a5140145baf7,50396
93615437-6890-47b1-bcb5-a514015be8d4,50397
9fcd50bc-e69e-4233-a6ec-a51600ae2e5e,50398
0018fc3f-b2a8-4057-8dbe-a51900eb161e,50399
ff57900a-3fbd-4143-92ef-a51b0161b309,50400
290f7dba-548d-4a95-847e-a52500ff63ac,50401
9557e674-034d-4b8c-9c08-a52800c13f76,50402
1e36dfcb-1264-46c2-b42f-a52900d2a785,50403
af439aec-ff1d-4f2f-8152-a52900d7bd63,50404
3121fcfd-4bdf-4c3a-b522-a529010e2615,50405
0690c17e-b689-44f7-a614-a52a00097844,50406
d7ad0a77-b3ea-448c-8930-a52a017c9c7e,50407
ca21ba7b-9d71-45e4-b872-a52c0008f829,50408
cdecb682-42c5-4072-977c-a52e0127ebea,50409
8bb485bc-bdc5-433b-90ca-a50a016f4866,50410
071a7d3f-3a4b-49cd-a0d1-a50d00cd5f81,50411
7248e3ce-27d3-402e-8c13-a50d0133e6fa,50412
1311132c-b344-4514-9f80-a50e008b3705,50413
5771ace7-133f-406d-8dc8-a50e01041034,50414
f32da9f3-03ed-49cc-a43a-a51100b8b7cc,50415
86c3d0a5-d42c-4d09-93d4-a51100dd6752,50416
4a655865-5ac2-4b8d-b9cc-a5120111ebd3,50417
ca76aef6-b28a-4efd-afc0-a51400f5e341,50418
eceda635-0e3d-40a9-82d5-a4c000f5746f,50419
a9268670-5e2c-498b-9e6c-a4c50010f25f,50420
667b9345-64bc-4a5c-9896-a4d500c768ee,50421
ff561170-be41-46ac-8e23-a4db00dd3f38,50422
42518cd9-d24c-4aeb-803d-a4dd0163a77e,50423
8d02907a-c10a-482e-8853-a4ea012e0d38,50424
5b7e5e16-879f-4fb2-90fa-a4f7013f93bb,50425
c77f8b87-29f4-49c6-ba24-a4fb00dac7c9,50426
351d7a4b-f399-418d-8afc-a500015a7fe3,50427
605c5a76-269c-4d09-89be-a49d0114de81,50428
b5236b82-4010-4253-bbfc-a4bb01213f1c,50429
3af87cdb-e64d-4cc8-8977-a4bc00f47e91,50430
a9e0d6c4-f0af-41a2-9135-a4d0012f89d4,50431
76750455-5cc7-4582-ac9b-a4d0017c9c7d,50432
987bb6b1-f45c-42e8-9402-a4d801773572,50433
5f6cedaf-cb40-4ff6-b2fd-a4db004687f7,50434
57b4b8d1-474f-4254-b46c-a4e300c038e3,50435
4260c2f0-6448-4f12-a391-a4e800f0cabb,50436
f694313c-1904-447e-843e-a4da00b3f745,50437
37d85ddb-0711-436d-bdc6-a4db016c2db1,50438
ee4b5d56-d35d-46ec-a9a3-a4df00b71868,50439
b44acd9f-ce05-4e8b-891f-a4ec00e97f73,50440
bfd0ca3b-bdec-4477-95f9-a4f000ffa86b,50441
4c5d7118-97b9-46dd-894b-a4f200ce0a30,50442
be1ce550-cf1a-47ed-9ed5-a4f2013478be,50443
b5aac1f4-3090-419a-abf7-a4f300a813a7,50444
8eed6e3a-2051-4fd2-96ce-a4ff00ba47ca,50445
c9aa33d0-86b1-4d54-8512-a50301110550,50446
f8e9185b-d83e-43c7-94f1-a50501193723,50447
1b6f8faa-063c-469c-a13b-a507001083f9,50448
431ce0d0-378c-4fc3-b061-a50d011753cf,50449
14643f90-d6c8-4e2e-9580-a50e0111ad41,50450
35677dbd-e942-4c26-9769-a51101117ccd,50451
a110f55a-479e-40ed-a228-a511014f0564,50452
48cd3c19-7fd9-4b8b-846b-a5120165a871,50453
7eca4dc4-89dd-4687-92bc-a51300033c6a,50454
c24075c2-3413-4ecc-a249-a48700cb0b23,50455
8bc6b1d6-97e1-416a-a66e-a4890125ebc5,50456
ff7670de-c498-4035-8f16-a4a50138ddf7,50457
4a3daefa-5a06-4fb4-9710-a4b201713c70,50458
83b3b03f-a2cc-4b66-abae-a4bc00059949,50459
811013a5-95c4-4a35-94b9-a4bc00628d1c,50460
b3496808-de34-46d3-8356-a4c40122083f,50461
d1479c70-fb6a-42f9-a054-a4c8015310c7,50462
ebced775-e357-4477-a84c-a4ca00ad2b85,50463
7872e57e-57fd-48c2-97d0-a5150101d624,50464
0c369004-9284-4a98-9adb-a5150109bfbc,50465
b60d222e-95c7-4c12-9466-a516008ce344,50466
23c5ec05-b370-40be-9583-a516013a18e1,50467
7855ff87-8552-405b-935c-a51a001a893e,50468
6a4315f6-836e-472a-8105-a51a00e64163,50469
b4164eb4-6aeb-4b04-92f5-a51b00899a7b,50470
898e3ace-f738-49ef-a0c8-a51d0121c7fd,50471
d9f3a167-d5d6-4f9a-9997-a5200118fd15,50472
d05c02bc-bbb1-4f17-b75d-a51c013ce0bf,50473
fa057438-7166-46be-a336-a51e00f11bf6,50474
e7830e19-20be-45ac-96c7-a5210160b42d,50475
a8d3dd83-4e0a-4728-9a8e-a5240000351e,50476
424dffed-481c-43cf-b785-a52800e1caca,50477
5506e4f3-bc31-4a5c-a473-a5280100ac9d,50478
08f2582e-3dd7-42c6-85d4-a528016ac9f1,50479
6b5c266d-3c58-4eaf-ad64-a52900955237,50480
672f41ec-52ee-48ee-9e9e-a53000555739,50481
7e6453c0-6d8b-4eed-8555-a52e012dc262,50482
b10c0442-8084-4957-a25c-a53200a12854,50483
3037e718-0b93-4cee-9fb6-a536011bea7c,50484
c2f46378-ed15-40a1-b89e-a537011be8c9,50485
2512093b-7a3d-4374-85cc-a5370141c0fd,50486
21449a5a-cccf-4a38-a89b-a5370155cc73,50487
138f7cf0-7671-4aef-bafd-a53800b8e57e,50488
4fe28b9b-e866-41f9-b8f7-a5390126f1e9,50489
b82766be-4527-44d1-9872-a53901495900,50490
a9e52259-3c02-468a-b02d-a50800b128d8,50491
9a26ba46-fa13-4df4-9be5-a50900ae2745,50492
ddf93de2-a528-444a-8feb-a50e01107a6e,50493
675e4f61-c381-436a-9202-a50f01057c89,50494
9202baed-a957-4eef-a93d-a5150152f44a,50495
76575a80-b460-4cb3-b3cf-a5160158bdbe,50496
d3122ff8-e562-41b7-9825-a51a00d93f4d,50497
66ccae04-bac3-4d47-98db-a51b01030dc4,50498
3f3c2044-dada-4499-be86-a50000bbe7c1,50499
660e5210-bb07-412e-8a05-a50600fda0be,50500
83674668-605f-447f-8d5a-a50700ce3dff,50501
ceb60056-2572-4fdd-8246-a5070102072a,50502
b9c4f563-9629-4ab5-9467-a50800e88076,50503
aab2cc48-6f4a-4e0a-a3b4-a50e00677c44,50504
8c2c9a5f-13c5-4f30-8ba4-a50f01365344,50505
b03c2276-630b-462b-9d9f-a51000a76361,50506
13d34a60-8e59-45be-831a-a511004f4329,50507
5d7123c7-a7a5-4668-a98e-a51400d95298,50508
9fc616f7-ae15-4df6-866b-a51400ddd0ce,50509
7f56ea81-cc58-4a54-affc-a5160151bc46,50510
239e86dd-4027-477c-a126-a518009174e6,50511
fd79f3a6-eddf-4146-9017-a51800f0270c,50512
db1f794c-ce08-457f-883d-a51e00b637b3,50513
c9acfa98-c939-40ea-9a4c-a51e01869445,50514
5de1091a-cfec-41e0-b027-a521013e4343,50515
dba75b29-95eb-45cc-84f4-a524002b2956,50516
e1c9b998-1be6-4e7f-be8e-a52400ca5361,50517
07c04a91-7c32-4e6c-ad22-a4eb00cc01e4,50518
df766882-553e-4111-92ce-a4eb0104594f,50519
e17d32e5-c579-4854-914e-a4ed00f0bb58,50520
1961e997-f0e1-4542-b095-a4f600ccc464,50521
436d0320-efd0-4117-bd66-a4fd018353f7,50522
007c3609-6f66-4a0f-9bad-a504014f1387,50523
3e157e36-7dce-499b-9a26-a50600f30a13,50524
77e1fac2-e5ba-45d2-8db8-a512005de5d7,50525
fbd2c834-ceb5-4be9-9331-a51500a97797,50526
1a111cdf-329a-412b-9e8f-a530011817cd,50527
cb2ff111-e48e-49fe-afac-a535000b6318,50528
736cf3ed-db13-42b2-aafe-a53600b9521e,50529
d4636973-d1fb-4699-b557-a53600f4f024,50530
c5cd69b5-3fda-4274-9e4b-a5360152d5dc,50531
ca29e660-85ab-4913-8a1c-a53800b93aed,50532
f034812c-0237-45ed-9361-a538012dcbbf,50533
c27ef1cc-8495-4e99-a8be-a53801841934,50534
fff62cac-2275-4c60-b1e8-a53c008417f3,50535
8bba4937-2674-483e-b4a2-a53e00797158,50536
5b1f9614-54af-42b0-aae1-a53e00f44c3b,50537
8cbcef26-1069-481e-9e81-a54600cf6fb6,50538
23fbff77-dff4-4ccb-8d74-a54a00c08510,50539
757cdeea-5e52-450f-a2ec-a54e014992b2,50540
bb00b837-5c37-474a-947a-a54f000e412b,50541
67ac82ec-4519-45ef-a1d3-a550018204e6,50542
dc1e807a-d931-4298-8521-a551017b627a,50543
fcce53fa-4cdf-43d4-bcea-a52500ab8f96,50544
99c5ca0d-462a-449e-a4c5-a52a017bbb4c,50545
6dd889db-8b22-4ff6-8967-a52b00ef3317,50546
030c2b1d-2c8d-47df-bec0-a52b0147f3e2,50547
7ec584ae-83c2-4872-9951-a52d012d0b96,50548
a00968d6-0b91-4e5f-9580-a530015f4e6e,50549
17633809-7705-4abc-9d92-a5350092a50e,50550
9eebbdc0-96b8-4a5e-8380-a536013e1658,50551
50687035-6bf0-4333-98fb-a53900e0b749,50552
7d9f3b4a-5185-4811-858b-a51d00f6444c,50553
31fbee90-418f-4498-b0c9-a52200b5d662,50554
8ed0a1f1-665a-4887-b6db-a524010bc005,50555
f361208b-a17d-4bee-a9b5-a52700fca16b,50556
58179487-fae0-4126-a131-a528013b8fbe,50557
e9db9649-4baa-4480-8124-a5280146ddbd,50558
6cfc3e89-9eff-4de7-8724-a52801499591,50559
cf688bb3-9106-456b-ad8a-a52900ef4048,50560
4e9cab61-abc8-4e0b-9ead-a52a00a55a51,50561
f7715ad3-6e48-4553-81da-a51400e59ad6,50562
419678b6-2c2e-41d7-9346-a51900c37a93,50563
4bc444e9-af7c-4c1d-bcdd-a51a0134411f,50564
a59e72ab-4652-4afb-9cb7-a51c01602def,50565
05f91172-4cf0-4102-a98e-a51d00c6cae7,50566
4f740705-b0d7-4f8e-ae22-a52100ba57c7,50567
ea1b236a-f325-4803-9e57-a52100efa2bd,50568
5ced3920-36a7-42be-9537-a523011f6023,50569
188db779-44cd-431e-9404-a5230182edd9,50570
6e3c1387-d1a1-4fe8-8e78-a53b00a40f3d,50571
854abead-a84e-4cd8-af0d-a5410159be36,50572
62578931-83b6-4b84-a3f3-a54600b042bd,50573
28a00c84-11ad-4f5a-8cc0-a54700b1dad5,50574
6f4e00df-3568-4e4b-803c-a54800f9d388,50575
9ea01d5e-f6df-4755-862b-a54e01149108,50576
6f8bab42-b499-4a41-938e-a553018550eb,50577
08e69f35-e9dc-44ae-a8c6-a556012f3e05,50578
65d85e48-bb48-47f3-b965-a55700f4f7db,50579
a4d16e5e-eefc-4f0f-ac5a-a51a000fbdcc,50580
22dab9cf-39c9-4f7a-8c47-a51a00e20771,50581
ae51a734-9c72-4522-98ef-a51b00054e50,50582
02fedb70-fbd9-4ce0-97d6-a51b00fe669a,50583
645b255e-f6d3-4adf-a63e-a51c00c4f81e,50584
068e304f-e283-49ee-b032-a51d0168cba4,50585
0a62013a-90ba-4b20-8fdc-a51e008d679d,50586
b827d3be-1ac2-49ca-b681-a52200fb2a30,50587
5a18dec4-88dd-43e5-95e4-a52401433043,50588
573158e3-dcc7-40ff-972c-a553011a757d,50589
18e8c641-122b-44a5-b883-a55301237a65,50590
5127a650-5298-492d-960a-a55400db7987,50591
02361b40-9914-4089-9f9d-a55600dcb6fa,50592
d1c693b7-d2ed-42da-b4d2-a55b00c05745,50593
29066a4d-3e21-4695-b81f-a56100250db4,50594
930871ad-10d5-42d1-b197-a5610051cf46,50595
8df591eb-7ba6-475c-bb2b-a56201499617,50596
42b46db8-7222-4c6e-acb5-a56700c93940,50597
02e2e065-8439-4943-9bbd-a53c00e023e6,50598
8a6cd223-7305-4877-9508-a54400ffe6c4,50599
78c9bf0c-364a-4d33-9bcd-a54600f86cac,50600
683e42e3-2318-45e8-ba78-a54a00fd138b,50601
70b46973-1a1d-462a-83ff-a54b014194d1,50602
97bb231e-c67d-443b-aad9-a54c00b1ad0f,50603
9f9e6cbb-079c-46eb-9b4e-a55200e6fc71,50604
4371b51c-a889-437c-a29e-a553012d2b3d,50605
d2a39aeb-6295-4dbf-bbae-a55e00195894,50606
ee4c7750-9766-4d3e-8437-a52a00c2dac4,50607
98e53d11-be79-423f-977f-a52a00d3ff61,50608
40ab4ecd-2e06-445d-ab6d-a52b001d4d3d,50609
d5a4402d-f88e-458d-a7df-a52b01068032,50610
b262d1f3-0cb8-44f1-9159-a52b013aae97,50611
f340e70d-d0b8-41ea-bf76-a52d01157eb6,50612
388c2c27-305e-49af-864a-a53200b10a0b,50613
ea1bfe38-fa95-4504-843a-a532017a564b,50614
2d83cb37-e1a5-46ce-8656-a5330148da5d,50615
e89e0879-5f6f-4442-b37f-a4cd00d9a080,50616
6de60fba-9997-486e-ab17-a4ce00b0e69b,50617
a21d7214-0354-4b79-8f6c-a4d301709646,50618
c832cbde-6f42-4867-a097-a4db00c4d823,50619
e3d3f794-0d13-4310-b40e-a4db0153996c,50620
f841958a-fdd9-46d4-8773-a4e700f1bdd5,50621
1e4f4489-dcc4-450d-b9ce-a4f10187c637,50622
574724c7-03a6-4bfe-a602-a4f9014b4697,50623
3cb701d1-e699-40d5-aec3-a5000111d6cd,50624
7dfba152-08f4-4d61-861a-a50d00ce3bb5,50625
0987e3e1-ffbe-472c-93f1-a526008d4d81,50626
6f0af46a-4e90-40e7-a3a7-a526013eb045,50627
36936933-f01a-4fef-bb8a-a52601772fd1,50628
6c63c5c4-a5d5-450d-8402-a52a00a47ea0,50629
1f1b663e-8ef1-4477-b91c-a52a00acf8e6,50630
fa4d976e-0c03-445a-b343-a52b01670a0b,50631
482f4e3e-7922-4c7e-80c2-a52c0096b289,50632
f8992d12-2e2e-4f63-b73e-a53100a624e6,50633
b51e6d6d-930f-48f5-847c-a53100cbaa11,50634
80689993-0ed3-4b3f-a7e4-a52800a4eeb2,50635
1e6b57e0-ecd1-4c43-9fca-a5280146aab7,50636
70f1a1d5-1de7-494c-9544-a52b00c8c1a5,50637
06b6d967-c5b8-42d2-8c7b-a52c010728cd,50638
7e953fd1-2eb2-44d2-8757-a52c0108df4a,50639
d2162905-3bf4-4db5-a3cf-a52c01254eae,50640
d142aebf-586e-4866-9367-a52f00cc57c5,50641
3fbd8542-b41c-4c29-ae31-a52f00e817a7,50642
4aa80c1e-4a5b-46be-a86c-a52f00eb8b37,50643
4bf365a5-776c-4302-8f07-a5670133fde8,50644
9cdd0579-36b0-4a85-a71e-a568011dca13,50645
bf452225-6fcd-4267-bb58-a56a00a09dfd,50646
70d7d814-bedf-4ab8-97aa-a56c011a5cc2,50647
813ff012-8f6a-46d9-b416-a57200a6e4bb,50648
2d2f86fb-7627-4178-b457-a57200b6cb30,50649
4c87d492-5007-41f0-908d-a57501157a68,50650
f5f1e4c8-a092-42de-ae72-a57601665f56,50651
83dfa756-6309-42de-a547-a57f00d3a631,50652
e931e463-bf12-46a9-8707-a55f00fb65a4,50653
2606c650-afee-4698-8cee-a560015a14f4,50654
7a965804-e376-4f42-b86a-a56100c07fd6,50655
b260c16f-ae50-4cca-964c-a56101025bb6,50656
29d7d368-a0be-422e-aac3-a56200394b0e,50657
c1143f5f-214a-461a-a8e6-a562010ce91e,50658
da30e8b9-6938-44fb-9c73-a56d00d82199,50659
ff9c7a9d-f217-4be4-aab4-a56e015b08e6,50660
aff6c0a7-6ad2-4055-b3df-a55701197e12,50661
7eabff3b-eb6d-4dde-bd8c-a56000af004a,50662
1efa77e4-a3ef-4c1b-b7c7-a56100c57cc7,50663
d8d170b0-d504-488c-ab94-a561015a54a1,50664
6625a5fe-194d-4741-8e6a-a562005b40e8,50665
195e11d7-3a8c-4562-acf5-a562012c4b0a,50666
1769e11e-b362-457d-9736-a562013cb922,50667
c82f8169-f7d7-4c15-a6d6-a56a00b18296,50668
f38848e7-7244-4850-947a-a56e016c6041,50669
d01292c6-c2b4-4a9d-b537-a53301851b3b,50670
22cfc539-48ae-429c-ad1d-a5360158064a,50671
e74f3731-8424-4c8e-8d13-a537009b8370,50672
5072dc8b-824d-4929-a33b-a53700b3fb1c,50673
19237389-3bc3-4dee-8cfc-a53700cf4bcf,50674
e12f6a68-11da-44f0-aed4-a53a009c07b8,50675
a4eb1d84-b0c0-4072-b359-a53a017ba666,50676
70658921-cf14-4d95-8de8-a53d00e065b7,50677
f5a9fc9e-7e28-47d8-8ed7-a53e000db373,50678
92993652-9d81-49d1-8ae9-a52900b401df,50679
ad203d39-2263-47ed-a83f-a52a00c3de75,50680
d97095d9-45f5-45ea-a944-a52a0138d1e5,50681
8d520192-026b-4977-a642-a52b00d2a061,50682
6c70efbe-a5ef-4975-8e82-a52b00daa6db,50683
ae585bcd-cb14-4a27-ad73-a52e01215638,50684
d9ebb561-6d7c-4126-804e-a53000adbadf,50685
3db00eec-93a9-4e15-983e-a53000f79ba1,50686
526c489b-efe8-42da-b789-a53100f1de6e,50687
fa6605cf-53be-434c-8227-a5350171a20a,50688
d2fe382b-9f3e-4d74-acd6-a53601706956,50689
7f048855-3427-4c9e-9405-a53800e89fa5,50690
c6b13b8a-d987-4bc5-90d2-a53801116842,50691
ad49e732-6ff2-4637-b432-a5380160602b,50692
42e28fa6-130e-40f0-86da-a538016faf8a,50693
c92342ea-8a78-4a57-829e-a5390100af64,50694
f168a16f-1f80-4e1e-b0e3-a53b010366a0,50695
0a69bb5a-2e42-446d-9d6e-a53d00ff4c98,50696
39977c90-094f-492d-a4bb-a58200a6bf0f,50697
f5244fa9-a485-48ad-b5d6-a58300b18d03,50698
c0dd0464-8606-463a-9f00-a58300f86a4b,50699
64a322c9-e177-453c-9de1-a5840091f072,50700
64ad6ea2-c1cb-4f26-b619-a58400c032ae,50701
3679145a-4823-4b9b-ab9e-a584014200ad,50702
82b882ad-bbe4-4195-8495-a584014fb002,50703
363f413d-3cae-4ce1-b40b-a58800cdfb8b,50704
d711aad3-a5fa-4595-9773-a531012612a4,50705
7c621104-0d44-4d56-82cc-a53200a86949,50706
e6551a48-7fae-4525-baee-a53500e9f0c5,50707
19399945-1f4a-4e5d-9922-a5370143c840,50708
27134a72-8de3-4d09-85a6-a5380162cfb1,50709
7f8494d4-b7c2-4432-980b-a53a00aa1c13,50710
6d327987-1ee8-48c2-bc29-a53c01060f5a,50711
f6d03aa9-cc60-474d-b479-a53d01301ad3,50712
24cf1d24-05b6-4fee-9dc3-a56f0114c427,50713
942b1150-7c49-4ef0-9906-a57001011636,50714
97313797-b0fe-4581-8135-a57100b222e2,50715
eeca0cda-e38b-4bc1-989e-a57d0036b538,50716
31d61792-150f-462a-97a8-a580015334ee,50717
620e363e-7ec1-4ff0-b2bf-a583010a64fa,50718
b4ca50c4-02f9-4c6a-94ba-a583017326db,50719
d9698a21-5827-45af-a50d-a5840015b993,50720
b45f8b42-592b-412b-b222-a58400fac310,50721
cad954f1-f2fb-499d-8987-a5700128643d,50722
7633db9d-00d1-4177-a85e-a572005afe86,50723
0cb130af-b039-4aed-b135-a57a011a09a4,50724
8c264bf2-35a1-4d71-96bc-a58200f1a996,50725
dc6dfa1c-5b45-4dd5-9acf-a58301046cc8,50726
7dacf145-63c2-4ed8-9b1e-a583016183dd,50727
060ce3d0-0e98-4b2e-8aea-a58400c5b001,50728
6f8fc41b-aa88-4faa-8436-a58b00f8265c,50729
2b944210-77c5-4642-916e-a58b01802a41,50730
3d3c1af7-72bc-43c1-9a7a-a53e008f95fa,50731
f6f6345b-11ea-438c-9934-a53e00af56a1,50732
daabed5d-3e36-47d8-9c7b-a53f015001e5,50733
75cfec9b-3d75-4eb1-9eaf-a53f0165b1b0,50734
92de93ce-4c08-4357-8798-a54400e10b39,50735
891a70bf-bb15-463e-85fc-a545014a62d4,50736
7166c13f-c49a-47ea-a077-a5470183f78f,50737
9b472fd4-c47b-4489-80b7-a54800987591,50738
e7d71916-02b2-4792-aac9-a549000d9765,50739
d5400384-c2c3-4f61-91c6-a54a016aac6d,50740
083525db-2eb5-493e-b2f9-a53e017f4d3d,50741
a0720bca-807e-41a3-9eff-a54400e39f57,50742
f2e19f52-1598-4568-b21f-a5450178f963,50743
c101479e-d339-43bd-bae5-a5460178d898,50744
6787bf17-062d-459e-8caf-a54c00af17f9,50745
04dc44ee-3082-4032-ba3b-a54c00d95604,50746
f8dafceb-82b4-405a-9e47-a54c013bb06f,50747
b5904c62-2fef-4722-a109-a54c017890d0,50748
1d2b4cd7-35a5-411b-a02c-a54d00a3e07a,50749
0d95d210-7d4a-4dfc-9fc3-a50d01783652,50750
284e65bf-2d40-4ea4-a473-a51100bc7a67,50751
9688d239-dfd3-49e5-9201-a51200d7b018,50752
eee8c389-7f4d-48be-9f02-a514012b1df9,50753
81c000eb-d095-429b-b12e-a514014c64a7,50754
7f77e19a-9a73-4998-bc1c-a515014a7724,50755
c3886e65-feb8-496c-a26f-a51800c244f3,50756
8239ecb6-e8da-48ca-a5a6-a5180105243e,50757
3289ba47-c8e1-45af-9700-a51a00a8fe7d,50758
dacb27c9-9c6f-48d6-8255-a5880142fad3,50759
e5e28243-f1ea-4a0e-a67c-a58a00c27d4a,50760
e27da154-11eb-4cec-ab6f-a58c0008e02d,50761
3091b507-3ca6-45dd-aff3-a58f009bef28,50762
9886d1f8-d2a1-4c80-b6ab-a58f00a099ea,50763
c7171ead-0672-40b7-9fc0-a58f00d2b980,50764
f096cf6e-169b-46c7-b22c-a59001815ba9,50765
9011feee-9680-4292-976a-a59100f06cef,50766
5a20f939-8add-426e-b512-a59101011130,50767
308ea468-8a9b-4ae0-bfa7-a54400c89fcd,50768
73babbc6-3e84-4a43-86cb-a54401862ed2,50769
345a550f-1411-4487-b8de-a54500bb8337,50770
ff3274aa-c533-41ab-b308-a54500ca6859,50771
75f57896-31cb-4b21-bd58-a54b009f6111,50772
3a4decf3-b8a1-486c-b6c6-a54b00b0c24a,50773
6f94803e-2df4-4349-95a3-a54d005feafe,50774
da4c199e-39b3-44a1-bf22-a54d01243361,50775
d1e6ee58-f900-431a-8609-a54d016eccd7,50776
bee8d06d-a314-46b7-a3c6-a58c00b3f78e,50777
29beb93e-8bcb-494e-a5c2-a58c0111ddaf,50778
29b39462-db6b-4b7a-9cd1-a58d009e5d50,50779
770da853-adf4-4e43-9d8d-a58f01885f22,50780
6e9a2f5b-b6d0-4d49-94e8-a591013fad15,50781
31f4c032-3776-4967-b422-a593014ddacc,50782
5c085ef8-645b-4761-ae0a-a59301674d10,50783
b7122499-9579-47e5-aa7a-a593016815fb,50784
772c6c09-e548-4598-b36b-a5930189e63a,50785
79a93222-b0d3-4de4-8bb0-a58401665857,50786
d7493233-dae0-4522-bd9a-a58500c011b5,50787
417a9380-903e-41b5-848e-a58500d7283d,50788
a45463ae-666b-4877-978a-a58600c1de9f,50789
17c61e9d-fe17-479e-bfcd-a58700c29904,50790
6e729aa2-27f5-4efd-a17e-a588011c2a47,50791
18698681-166c-408e-9548-a5890163e20c,50792
05fa57c3-48d2-4509-82b2-a58b012e2aa5,50793
6061f79d-e08f-4689-b349-a58e011e4688,50794
621ab43d-343f-4731-93dd-a58f0146192d,50795
77c64277-a896-4f69-8efe-a54d0155774a,50796
81ae2039-a016-4f73-a5de-a54f01551f1d,50797
d1679117-5820-4dc8-a433-a55000eadecd,50798
8517960d-cb9b-4bca-a99b-a5530012e4f8,50799
072aa265-f797-4325-9d98-a55300e396ea,50800
d31c0a29-30e7-4243-96f9-a55800c65a5d,50801
25a25839-d548-4624-b60d-a55900f114d4,50802
c28237c9-49dd-4e22-97d9-a55901818445,50803
ac35c1bf-ea85-4e89-bfc6-a561000903e1,50804
b5a23431-6857-4175-a811-a53101652bda,50805
d9d9dfc8-e3fa-43ee-b17a-a53200dd6b3c,50806
80199645-5d9f-41d5-ae63-a53200f608db,50807
264c972c-c6be-4be7-a967-a53200fb10b8,50808
34191a98-e01e-4c0a-bae3-a53300216b8b,50809
86d8c9a6-68ac-4df8-911c-a5330169892d,50810
bc235a74-c4a8-4948-8d4d-a537008ec5c1,50811
302968eb-15a4-411e-84b7-a53700aafa47,50812
6ee53294-8e31-4cb5-955d-a5370118c7dc,50813
02d38fc4-0f6b-470c-857e-a55200b9a679,50814
b2cfb070-76f5-4d1b-8e7f-a55800efa853,50815
b146c69d-205a-49e3-93aa-a55800f933e9,50816
7e275178-a6be-49d1-91cf-a55e01024071,50817
01f0c615-568f-4684-abd9-a561011a4cc0,50818
0f7206b7-f72c-4176-9c58-a56200f391ad,50819
08176368-eb7b-4155-97cc-a56201010573,50820
358441fb-8e09-4a57-88f6-a56700ad3332,50821
c468e5f7-17d6-45eb-870f-a569011d5474,50822
e0119cf4-eb0a-484d-9c86-a591011e4de1,50823
b93e5332-2955-4457-80ce-a5920163eda7,50824
6b05263b-5c12-4bf6-ac2b-a5930120ad90,50825
b6711b45-0146-472c-84f2-a5930144d52c,50826
f00c3f0e-e740-4863-8776-a59301551155,50827
a4f6102a-b690-4d65-b5a0-a594009601d7,50828
88f41540-e368-4a90-9841-a59800b88f21,50829
2030344c-f6fd-4104-b15e-a598015f56d9,50830
c5654cbb-d3d6-4aae-b432-a599014affb4,50831
a532247c-ae05-402a-8c09-a55600db31b9,50832
bd2f14f1-957e-43b9-a184-a5590146f96b,50833
af001300-9e83-4d8f-9f31-a55a00ca5121,50834
cef88ccc-e757-4502-b8eb-a55f00a5c491,50835
7bed807c-4548-467e-b7a4-a55f014d229b,50836
67511f07-8945-447b-9091-a55f017ccb0b,50837
2196183f-68e6-4381-9ed8-a56000ca0990,50838
fdea5ab5-66ed-4a63-9357-a560011c1781,50839
eeaf3070-307a-49df-a44e-a56200d47f04,50840
3be679a9-3b26-4db8-88d7-a59100cb4f5d,50841
c13f523e-ffb9-4822-909a-a5910143ae7b,50842
c421240a-cea1-488f-9d02-a5920149cb98,50843
b8acc1a8-7c44-4187-bff5-a5930093879d,50844
118475f0-4f27-4677-b7d6-a59300f31d4e,50845
9903b5f1-2833-4a18-ba4f-a59500ec739d,50846
cae98f72-3431-4261-866d-a59900a71e73,50847
87568ffa-44a3-4059-b238-a59900d81d6a,50848
9e450e9e-2164-4b15-aa8e-a59a007b892e,50849
e2e9ed47-5a05-4816-a934-a594001280e9,50850
aa81f994-e5a6-46cb-bb0b-a59400a2074a,50851
4d741de5-ad08-421b-a8ef-a59b0172d3a2,50852
49c82f8a-4a61-403e-8c72-a59f00dea972,50853
da082bf4-6421-447e-b743-a59f0148e7b8,50854
bc1c1995-df2e-4533-9f42-a5a001713d03,50855
8a9f9569-9b69-4ebe-b39d-a5a600a464f2,50856
387aca69-fa32-4bd2-b14d-a5a6016d5d79,50857
a05182a9-2360-4d69-b85f-a5a6016f923f,50858
198253d6-b53d-460b-bc93-a5a700a54bf8,50859
6d75bdc0-fd08-4e6a-8d10-a5610170630c,50860
61cbc25f-d2b5-4753-9eea-a5620031e2f2,50861
4d7900c1-e5db-4cc9-96c9-a56200ffc645,50862
b469bab6-b8f4-4339-bcd2-a56201469a19,50863
edb0d9c3-f84d-49ae-8f9b-a5630010915c,50864
7c77967f-a73c-4431-ab57-a563002acbff,50865
e81df3c4-c209-457e-963c-a5690105f04c,50866
9839800f-43f7-4122-ba91-a56d0014c37f,50867
70b118cd-a679-4ad4-9d80-a57100cdce09,50868
3e16cc1e-988b-406c-8fce-a570012b71a8,50869
f230775a-57dd-45b9-8daf-a57300c252b5,50870
dbee1900-0e35-4505-83d4-a57500fcb412,50871
d98f4bdd-d417-4f3c-838a-a57600c36eb2,50872
a3586d9f-c3a6-4761-a56c-a57700078c0e,50873
177666d5-7e48-4228-87b7-a57c013c6410,50874
1682e764-2892-4d21-b1f2-a57d012c9479,50875
6534e34e-e7c2-49ad-8ffe-a580011f13ae,50876
a1fc952b-b8f6-4f96-9c21-a58401412ac0,50877
ba7987ed-fb64-4c79-9ec7-a59f0014350e,50878
7591fcb9-43f3-4b1a-b463-a5a0011fe7c6,50879
d06e0642-1480-4f45-8cda-a5a200b11fe2,50880
42df038c-5579-4c97-8d53-a5a7009b43b9,50881
e66be914-dacb-4379-8ae0-a5a701690631,50882
d9fc358f-8870-4fd1-af9f-a5ae012ee3b1,50883
f04f66bc-ba87-44e6-9793-a5af00c5ed0f,50884
12bc7fcf-82b4-4453-a889-a5b100df6660,50885
ed6b0b87-4a2c-4d1e-bfc6-a5b50101c1ca,50886
b0c8ad81-100f-44db-9ab0-a5b7008bd772,50887
72049b1b-272b-4309-97df-a53900bdcbf6,50888
176230d1-5fb9-446d-964f-a53900eabb84,50889
ce3aa90a-594f-47ea-b1f7-a53c01284c4e,50890
32ae8a6e-bc8a-419d-b415-a53d013883f8,50891
9e3646ac-58c6-4e9e-8480-a53e00d556a7,50892
f2e8eeb8-c4eb-4951-8ee5-a53e0127487e,50893
13faf3af-f2f0-4aec-b33a-a540010bc5c7,50894
c0a17562-5e5f-4627-93d7-a54100c1dd20,50895
9daf785d-b596-42da-9b18-a542010fdc9b,50896
134ef029-6d1e-4e38-8c8e-a562011ab03f,50897
cdd4d719-ab5a-41d4-8a38-a571018714a1,50898
85b29ef4-1c3d-4a99-aba3-a57200b58803,50899
d0ecab80-4956-437b-906b-a57400f5e11c,50900
12a9aa45-228e-4ff5-9d28-a57400ff37b1,50901
27dda788-9eee-44fb-84c8-a57600f87fe4,50902
49ba2150-3098-4a96-a4fb-a57d011b3a7c,50903
97d66dc5-d89d-4931-aa21-a57d014e1a4c,50904
b20457e6-fd63-4723-a20c-a57d016582f2,50905
2166ab79-7b46-4612-a4ab-a51f01305f22,50906
6f76d07b-bfa6-49b5-abb9-a52101886b2c,50907
cb31f0e2-3ca2-4a89-823c-a52200b1e224,50908
3ff2ef73-c06a-4d22-a82f-a52400d1c30d,50909
f7135e8e-dca4-4e51-b807-a524013f9030,50910
440b8367-af21-45d7-99dc-a52500b6317f,50911
c7f1ed77-5416-40ec-94a9-a528016bcba9,50912
ae5bc054-ad08-443a-bd04-a52900a34faf,50913
ce5287cc-5ce0-4574-be1c-a52a00ae4ea4,50914
a1f70114-4796-4283-b264-a5ac012267e2,50915
198b5799-32a5-4a44-af05-a5af0142235e,50916
7ad2e42b-6f02-42a4-8b9c-a5af014891ca,50917
5ab8da26-e18c-4292-8c3f-a5b5015009a8,50918
153245ab-d08c-4081-b01f-a5b601416e2c,50919
daaeffaa-8de3-49a8-bdad-a5b701226f81,50920
4f70a25e-66f7-41a6-bc79-a5b70156da2f,50921
0ccc1a19-a549-4fc8-abc8-a5bc00814fc4,50922
c8951b70-cd04-4b0e-9fa2-a5be01825d70,50923
8c8d266a-2f74-4044-beff-a59b00cd8942,50924
9c2b09e6-862b-4881-9140-a5a60154ac6f,50925
b8e3bd0e-89cb-4264-9058-a5a6018915e4,50926
49738ce3-4435-4fc8-bc2d-a5a800c12d01,50927
d191b646-48ef-4f75-b375-a5a800c1373a,50928
a8b072a7-a4f2-4303-9e8b-a5a800f1e496,50929
4865ae94-b3fd-4712-8993-a5a900d5406c,50930
35b8b72d-ea27-43a3-940f-a5ae01661469,50931
90bef960-79ec-4d85-a90f-a5b001405d34,50932
7492762c-c3a3-4db2-8761-a5b100dc6bb0,50933
8b23d0aa-c6eb-4b60-a612-a5c3009855cb,50934
17b59484-1ab3-4ed6-87ba-a5c401696690,50935
6ad6d69c-a227-4b85-994b-a57400c581b2,50936
dfb74e0c-8980-4d49-b30f-a57400fd1053,50937
a1756fb1-d161-4f21-879a-a57b00dce767,50938
289bd317-39b2-4b4b-a107-a57e00df7e10,50939
d2d65407-e27a-4442-a03d-a583003292a0,50940
9edcf8ba-0395-4e86-ba74-a5830113e2c1,50941
2b37fba8-d1da-4f4f-a535-a58400c34639,50942
14069bff-1a1a-4188-a57c-a5840143a2fe,50943
cfc87cd8-288c-4a94-aa5c-a58500adc538,50944
48007101-df96-491b-8934-a58600c1a87e,50945
6462a3c9-bf2d-4403-ae00-a58901097d8b,50946
35a77e6c-8470-4269-a574-a58c008efe7c,50947
d4902e85-484d-430c-afbe-a58d00ef60e3,50948
b00e7f57-71d3-46b2-88ec-a58f00aad197,50949
87561c55-d189-449a-87fb-a59200d7686e,50950
07adfb90-0709-42a2-824f-a59300f776ac,50951
5e86adcd-518d-47b3-8e40-a59400b174d2,50952
d22b09cf-3c2f-4aaa-8511-a594010d3bf0,50953
610624cc-6a36-4ad2-b2b2-a59401344c31,50954
2797460b-7b79-49df-9163-a582001b4388,50955
bc789f3a-55a5-4078-b04f-a58200dc2cec,50956
eebda846-e413-4f48-b216-a58201487430,50957
bbebd27d-77c5-4c59-acae-a583010d4867,50958
22a20b92-e9b6-46c4-88f3-a58301503bf9,50959
27fc9ff0-b437-484d-a711-a58600102c79,50960
8d032af3-3a69-4c12-8e73-a58600ba38f6,50961
eb888b0e-78d3-4a9b-9ab8-a586010069c2,50962
d15e1adf-27e1-478b-9aca-a5860166c844,50963
de52efe8-d6ed-439a-97ad-a5b5011020aa,50964
64bcabb5-4299-4d11-8bb7-a5b600b4e9b4,50965
85775072-82a9-41ae-b689-a5b7009ce47a,50966
daa6a3ef-8871-4768-bb2a-a5bb00d0ce21,50967
2b0b9fb7-b161-472a-ab1a-a5bc00de9130,50968
487b5bbd-a4aa-4ac2-8cae-a52b0069a639,50969
a4529c82-9ebf-4bb0-a381-a52e001658c3,50970
2bfe6f7e-e80d-4b4b-a703-a52e01840cd7,50971
595dd3dd-0af0-4606-a2e1-a52f008e8a2f,50972
29e6f5f3-3ffc-4e77-ae8b-a52f009174a6,50973
bb6079f2-bd66-4e29-ac5a-a53000f8bc9c,50974
84df8183-b318-4bf4-868f-a530012366a8,50975
e248f088-3318-43ba-bf07-a5300179b501,50976
7a6c3e95-f9d7-4324-9da7-a58500f62dc2,50977
f28daf3e-ea5e-42fd-897b-a585012724d6,50978
742b24c2-3410-42ee-9e05-a58600ab0948,50979
a7f4de7a-7b0c-4cca-96e2-a586013d4609,50980
4ada87f2-e6c4-494a-830d-a58a01010657,50981
d5f76282-7869-4931-a621-a58a01112279,50982
a8466e5e-8c19-4d72-b887-a58a01618c4c,50983
51d80249-6973-4b89-b4a2-a58b00f04efe,50984
a70423c7-6e07-487a-bb25-a58c0127ccb2,50985
be22422d-b145-4829-972d-a587002a51cb,50986
2ad21153-b995-4d51-853c-a58800fac777,50987
8f1e7474-873f-4579-b2fd-a58b00a8ff4c,50988
4230890e-e1c9-4bc2-bec8-a58b00c57a1c,50989
6c77928a-dad1-4adb-8ae5-a58b0146c019,50990
75eb025c-d8fa-4eba-b31c-a59200a6e0bf,50991
c6703de1-ebcd-4d61-932e-a58c016be851,50992
c9a7b0af-9fa7-4736-8977-a58e00078be6,50993
346c6209-8694-45f8-8e33-a58e00d0695b,50994
cfdaa925-82e5-426a-bbcf-a59100e6b742,50995
6ea128c8-ed36-4eaf-b7b9-a59100f5e05a,50996
687ef20d-3dca-4dcd-a31e-a59200e46c87,50997
0381a562-6b83-4d28-b148-a59200ebc560,50998
fe2d5b7c-c4c7-44a3-8a06-a54400a85333,50999
4cec2697-0258-40d6-8155-a54601426dde,51000
26c1883a-df22-4431-b689-a5470133816a,51001
0934a69e-8820-4d9c-9feb-a54c013edb80,51002
42fd031d-87af-47e2-8e04-a55000381751,51003
52e974bd-2ceb-4984-9651-a55101870738,51004
62d1ef73-830c-41f3-8850-a55200f9ec62,51005
25bf558f-89f9-4b9a-bdbe-a55201044ff4,51006
096b76db-ddb5-4576-94fb-a55300ced977,51007
8cdf69fb-dca7-4310-aa8f-a55401740f04,51008
2941f8c6-92e6-4b0f-a47d-a599011104c8,51009
b8ac6228-7e86-4325-942d-a59f018639e3,51010
d04be1fb-fba9-468f-b1f7-a5a200cc3b8c,51011
420adca3-4936-4565-a126-a5a500ed19f2,51012
ba5fafdd-c5a1-4895-8291-a5a50156755c,51013
71495b77-4d53-4217-b297-a5a600d576aa,51014
f1940aae-a04e-44f4-9b1b-a5a700f89d52,51015
51701176-d19a-458f-86ff-a5a7013f1568,51016
d480b059-3113-4e1b-ba62-a592012f9b66,51017
72f2c78e-80dc-4730-acf1-a59300a08f8d,51018
2fde50d5-b35a-499e-aeff-a59300a985f2,51019
8a418488-051b-4366-bd7c-a593011795d2,51020
bc0236f9-4abc-4508-8893-a59301378463,51021
e6171162-e1d3-4381-a7b3-a59400e21d49,51022
a43ab904-3ee6-4ca7-8560-a59400e83f41,51023
ec95eb72-de88-4277-97fd-a59800d483e6,51024
da02faa7-6c24-47e0-bdc5-a59900979cc0,51025
77f46044-6c03-4455-a23c-a53400ad772e,51026
95b504fb-fbdf-42c1-a684-a53600992e57,51027
b5e907d9-516b-4efe-887d-a5360102b122,51028
6b27c4e2-0847-4a22-bc2e-a53700aaef45,51029
a8fab181-fb0e-40ce-b671-a53700b71e9b,51030
c26ae60a-73fd-4cd2-8af9-a53900a0bdde,51031
eb1a9c9c-a7b4-48ef-81a0-a53901113b2e,51032
751174cc-f18d-445c-9ac7-a53b001b91f0,51033
9788f15d-5bfc-4551-b373-a53e00ecb996,51034
d66fc4e4-b2ee-483f-946a-a59300db239f,51035
46ac942c-659e-423a-8585-a59901232559,51036
f9020db3-5714-477e-90aa-a59a01259eed,51037
810ab988-feb0-4e8c-a44b-a59e00d2f325,51038
8094cf7c-3b12-4bb4-b97e-a5a001282c91,51039
426c9aec-9585-4d26-b900-a5a2015e72c7,51040
35fee8d4-cc4d-4224-98b6-a5af00fd57c2,51041
cf0a6b11-b5de-4735-b8a7-a5b000bfb243,51042
c71688e1-17da-4168-a78d-a5b500dd1c7d,51043
1360ea15-353e-4586-85cf-a55500a8befd,51044
fff89e6e-4857-47e0-8091-a55600f07d83,51045
cf489601-4d1b-4f0c-bea6-a556013afd08,51046
5869ff96-1bb9-4270-94ab-a55b0008b43c,51047
887b6128-01a2-416f-a1cc-a55d014ab022,51048
16706614-fab0-4c46-ae8b-a56100f30377,51049
a77d0f62-49c7-4fca-b3cd-a561013dc2ff,51050
9d7c6454-211a-4606-a5e5-a56200b55dbd,51051
9ea13d58-2b18-4b67-a4cd-a56200c03764,51052
772a4d8d-4644-4163-a5a8-a59d0102cd65,51053
da8b737c-3b3b-4235-abd2-a59e009d7d42,51054
3b2599ff-ddf0-41b1-a7a0-a5a700b4b038,51055
2cd58476-c215-45dd-9124-a5a801157fcc,51056
76772192-16f2-4473-9c8d-a5af0106825b,51057
bdf75e3a-8e79-4e36-ae4a-a5b10142e2bb,51058
bb19d6fd-d7e0-431f-bb75-a5b500f2ce8f,51059
ca0eed85-1f89-4948-bb9e-a5b501101f63,51060
768cb7bb-2649-4943-8a13-a5b501102007,51061
6b374be6-b1b8-4edb-8adc-a5b60162721f,51062
c608fded-8cec-4ff7-a1b2-a5b7010f1266,51063
1106e5c3-c00f-4e47-9aa1-a5be00cda5a2,51064
ff7fa260-2b19-4aff-b781-a5c3009b5118,51065
8407022c-8d78-468f-a4fd-a5a800baa7b6,51066
27a26ed2-4ea8-4c29-b355-a5a800ca837f,51067
40ce80d9-ea5b-45fd-b97a-a5ad00b65540,51068
ee8b2ed5-5686-4fef-86c7-a5af00b9c05a,51069
30a1c080-39e8-4b44-aabd-a5b10112cdc2,51070
6d24ac36-8ecf-4334-b69b-a5b501101e25,51071
25c83dcd-4993-4a93-b23f-a5b501101ec3,51072
23e52541-5c4e-4b0b-afa6-a5b600940543,51073
fab41b5f-0a7f-4c83-be91-a5bd0067e931,51074
4d550ede-7463-46cb-bf3d-a5bc00ec9e1d,51075
db604ff6-cf9c-4cec-b8b2-a5bf00cfcf35,51076
9ed716d7-e0d1-4437-9d30-a5c6015635ab,51077
dfc97622-6596-4659-8e7f-a62100eeeffc,51078
c9b6d7c0-6b57-4633-b337-a53f0125a5ca,51079
7b13b0d7-ecf5-400e-8005-a54300cd5f31,51080
23abd4fd-fcce-431a-b5a3-a545015746d4,51081
26de2776-e971-49a4-a084-a54601232812,51082
bcbbe22c-fca7-48f4-8342-a54700cf15c6,51083
eccc46d9-0fa6-4aff-ba66-a54a01066626,51084
12a85ed5-25d3-4be3-bbfd-a54b011e0d0f,51085
cadf2073-e1c9-4ac2-9dbe-a54b016e1c6d,51086
4327ab88-3b46-40bc-b2be-a54c004d26b0,51087
a10824cd-a43f-429b-954a-a56300dedbb1,51088
91776acb-58b8-4e00-9958-a56300edaf5c,51089
55befe22-3ed4-45a0-873a-a56301571ae3,51090
4638a074-7cc6-442c-8733-a56800cd9933,51091
0e1e8b9f-710a-4320-a8ce-a57300aa2490,51092
eee27efa-b12c-4af2-9066-a57500be8da8,51093
65914d65-74eb-4e01-b960-a576010582c8,51094
5ba26ef6-c145-4056-9f59-a57e00a9484f,51095
167d5400-d62a-4544-8d50-a57e01314ea9,51096
927c4e7e-5ab2-4079-b059-a58000d23c72,51097
71920a34-48a2-4972-b7b7-a58300c6fd39,51098
0f5ced33-21c9-45ef-99eb-a58300fac326,51099
b36a4084-7d0a-46c3-970c-a58500a8595a,51100
1174b343-5b96-4b5e-8afd-a585013ebbaa,51101
4d59e93c-9be1-47d9-96ac-a586013a1f01,51102
197b99b5-8009-4cb7-ad69-a587011aa26a,51103
329c1fca-c124-46f3-8588-a58900ec7f89,51104
487983e6-84af-46b4-9a3f-a54c00aaf441,51105
0c17e2e3-c15d-4745-a452-a54e01155701,51106
08e87c9c-ca64-476f-9fbb-a54f00bc62fd,51107
ba65cec9-fc77-4fd3-bd87-a55200e23d23,51108
1867d722-d233-43c2-b5b9-a55400c72e15,51109
b6195f70-61d2-459b-b917-a554011e6cb3,51110
44665524-9d15-41d9-8d03-a55700483e93,51111
2eb14074-09a4-4dc9-9932-a55800aa7d44,51112
05cb69f2-2624-469e-8648-a5580112963f,51113
69394283-d6d8-416e-a549-a55a00c08130,51114
7aed197c-90d8-4856-8b12-a58a00e1c02e,51115
f64a38c9-c971-4151-92ec-a58a01397ecf,51116
35a65ed9-9f85-4053-9c43-a58b0132065a,51117
e91a1e99-c7a0-4e64-bc55-a58e00f280df,51118
bca07cb0-04df-4a62-83d9-a58f0132a503,51119
6ff87564-c784-4d9a-a53d-a59000dfa783,51120
3582440d-368e-4050-9c13-a5900108e337,51121
659ad9f7-2485-4e87-a234-a590010cd7b5,51122
5e0d30b6-1749-4215-a33c-a59100ad9e38,51123
25314c4f-962e-44f6-ac51-a55a0176fb3c,51124
e72aba14-dcd1-44d3-9cdd-a55d016893c9,51125
6a003daa-2a28-4032-9e44-a56000eb1eb3,51126
9c6698ba-5b34-4e87-8f18-a561016e50f8,51127
6ec6ad86-4536-4f65-b54a-a5630156ee80,51128
3c1a1dae-c164-4af7-b966-a565012d7244,51129
abacdb39-dec2-46bf-94c9-a56800b403c1,51130
08902a6e-4dd5-4eca-8963-a56a01269cdc,51131
7dabef4d-4c3f-4e30-b30c-a56c013cba87,51132
1f3f66d9-f69c-4901-bc6e-a592010d446b,51133
414e1bfc-3d68-4e31-8f43-a592018445e1,51134
2424cec6-bbb5-498b-8aab-a593015de0f4,51135
2c4b9cd8-37ec-48da-9fec-a5930189245a,51136
5202be44-cbb8-4e3e-b990-a596013acc96,51137
9f58b520-ac95-461d-86a7-a59a0090a1b4,51138
8d65d4fc-7645-463b-8cc7-a59b01305b33,51139
2fa3a900-25ca-45ba-aaf6-a5a001899706,51140
b032f3e4-8f66-4768-8b46-a56f00e43426,51141
e84322ab-7af1-409c-b03d-a56f0187e31b,51142
872a2660-6b24-40b0-9a24-a5720110a284,51143
fbb82bf7-05a7-4606-8623-a5740171d056,51144
2fae3649-dd76-4241-8524-a57701287af2,51145
d3ecf20d-9309-41db-b902-a57b00d6023f,51146
6c643e99-6408-4fc2-98d2-a57c008838e5,51147
f90b0616-6c5f-416f-bb4b-a5810167778f,51148
b6f70e21-606c-48df-94f0-a58401541864,51149
b84b2e71-8d48-44fb-b9a4-a5a80154fdf5,51150
4326dfa7-7038-4fc2-a2b9-a5ac00aa13cc,51151
b8709727-43ea-4c21-9668-a5ac00f85764,51152
26c2fbdc-de46-4295-86f2-a5ad017c676e,51153
68cf8742-4c3b-4a7b-93d2-a5b101620d36,51154
b2c10ccb-bbc1-4f48-ab41-a5b200de08c3,51155
8447cd4b-c1a5-4940-b1ce-a5b3012b02e5,51156
d0f2202a-aee5-424c-a656-a5b3016c3261,51157
b2af01fc-b8eb-4b7b-ba53-a5c400e1e34d,51158
38645aff-975e-4e52-a110-a5c400f83729,51159
bd25af48-19d0-4b94-afe3-a5c4016071e6,51160
af4e9416-d85b-421b-bac5-a58600a6c616,51161
459e92a7-bc92-43bf-aef7-a58601519fdc,51162
fb8dbc33-b4fa-4021-a5c1-a589002dd050,51163
e2624783-39fe-404e-969d-a58901078a80,51164
adb65d92-ec78-4692-a50e-a589015258b5,51165
2209f2d6-25f5-48f8-b7da-a58a010e59ca,51166
2d1af3d7-7668-4e68-b3a4-a58a011d0255,51167
7822cfa3-17e1-4ff6-88af-a58b00bfed56,51168
0d8a1c0f-698d-479d-9a4f-a58c01126a08,51169
582d6a43-4d41-4d8d-b870-a58d00a35676,51170
1d111e34-5f66-4145-b2ee-a58d01015796,51171
a2ed987c-367a-4218-9ecb-a58e0134bf46,51172
19eba3fa-7f9c-4506-80e9-a58f00fb6955,51173
4be179ca-64e4-4168-ae6f-a59000155ea8,51174
7c74669d-0a29-4bbd-99db-a590013b0ce4,51175
ee08bebf-6f67-4135-913a-a59100cea8fd,51176
deb20718-9f24-4db1-9583-a59200c5ebb0,51177
ef764e82-a1ff-490d-8630-a5920122ace5,51178
3b564254-59d5-4b27-807a-a59301259cb6,51179
0e10005e-8090-46e3-8fa2-a593013d930d,51180
0afd8ee2-3973-44cb-a42d-a5940118c5ef,51181
178914ba-76c2-43b4-8c29-a598011be065,51182
b7e9ec6d-789e-43ad-9507-a59b00a526fe,51183
aec23005-660f-4ae0-b80e-a59b01572031,51184
cc76890c-ac13-4474-a98a-a59c00ee646a,51185
c727eb70-be21-4d6c-9c62-a5a000d74c9f,51186
fab15c5e-9ac3-4739-a0a9-a5a4013844cd,51187
48e299ca-380e-4650-92c7-a5a600cf3e9a,51188
b623614d-c9a5-49b5-b5b6-a5a9014b5781,51189
e9987680-f7cb-40cb-a1ff-a5af010eda59,51190
cd4495e1-5dc5-45b3-967b-a5b2016c9176,51191
69d58791-7a21-4ab4-a899-a5b40119e10a,51192
92e0b216-032b-47fa-a039-a5b600c0ecbd,51193
b9f9dc22-7344-471e-a5d8-a5b600cd5381,51194
0082c71e-a067-4dc1-9236-a5b701401ac4,51195
6ecfd9c4-0e39-43aa-bec3-a5bd00c122a5,51196
